pair,function,method,step,lmax,step_label,n_src,n_tgt,h_src,h_tgt,area_rel_l2,rel_l2,linf,source_integral,target_pred_integral,target_truth_integral,conservation_abs_error_vs_source,target_integral_abs_error_vs_truth,h_max,h_min
CS-r32_to_RLL-r90-180,smooth1,tempest,-1,-1,tempest,6144,16200,0.04522507840989173,0.02785142527367778,0.0019251380572921615,0.002655239553238884,0.014946159923791558,12.566370614359172,12.566370614359172,12.566370614359172,0.0,0.0,0.04522507840989173,0.02785142527367778
CS-r32_to_RLL-r90-180,smooth1,irno,0,0,base,6144,16200,0.04522507840989173,0.02785142527367778,0.0014399739794628828,0.0018511577748282916,0.008410950609019308,12.566370614359172,12.566370547695676,12.566370614359172,6.666349605666255e-08,6.666349605666255e-08,0.04522507840989173,0.02785142527367778
CS-r32_to_RLL-r90-180,smooth1,irno,1,8,corrected_lmax8,6144,16200,0.04522507840989173,0.02785142527367778,0.0014824467344375426,0.0018926745800588363,0.008502302557095387,12.566370614359172,12.566370575655544,12.566370614359172,3.8703628746361574e-08,3.8703628746361574e-08,0.04522507840989173,0.02785142527367778
CS-r32_to_RLL-r90-180,smooth1,irno,2,16,corrected_lmax16,6144,16200,0.04522507840989173,0.02785142527367778,0.0015334714959872758,0.001941340523689686,0.008678074616094822,12.566370614359172,12.56637058562071,12.566370614359172,2.8738462276578502e-08,2.8738462276578502e-08,0.04522507840989173,0.02785142527367778
CS-r32_to_RLL-r90-180,smooth1,irno,3,24,corrected_lmax24,6144,16200,0.04522507840989173,0.02785142527367778,0.001584573937934715,0.0019904128621259236,0.008866993615281427,12.566370614359172,12.566370572876249,12.566370614359172,4.148292376271456e-08,4.148292376271456e-08,0.04522507840989173,0.02785142527367778
CS-r32_to_RLL-r90-180,smooth2,tempest,-1,-1,tempest,6144,16200,0.04522507840989173,0.02785142527367778,0.002109368058414099,0.0028204972100022534,0.013962258932873839,13.231171822700507,13.231171822700507,13.231165459211667,0.0,6.3634888398667044e-06,0.04522507840989173,0.02785142527367778
CS-r32_to_RLL-r90-180,smooth2,irno,0,0,base,6144,16200,0.04522507840989173,0.02785142527367778,0.0019329691106360837,0.0024001626376304245,0.009095269612053425,13.231171822700507,13.23117175167324,13.231165459211667,7.102726584662378e-08,6.292461574020081e-06,0.04522507840989173,0.02785142527367778
CS-r32_to_RLL-r90-180,smooth2,irno,1,8,corrected_lmax8,6144,16200,0.04522507840989173,0.02785142527367778,0.0019728644263434197,0.002440054494480852,0.009101064919659008,13.231171822700507,13.2311717774536,13.231165459211667,4.5246906665852293e-08,6.318241933200852e-06,0.04522507840989173,0.02785142527367778
CS-r32_to_RLL-r90-180,smooth2,irno,2,16,corrected_lmax16,6144,16200,0.04522507840989173,0.02785142527367778,0.002023780953851363,0.0024888647658054116,0.009219358178341963,13.231171822700507,13.23117179439566,13.231165459211667,2.8304846466653544e-08,6.335183993400051e-06,0.04522507840989173,0.02785142527367778
CS-r32_to_RLL-r90-180,smooth2,irno,3,24,corrected_lmax24,6144,16200,0.04522507840989173,0.02785142527367778,0.0020763965082015935,0.0025391620448268503,0.009377655179584554,13.231171822700507,13.231171772630756,13.231165459211667,5.006975101196076e-08,6.313419088854744e-06,0.04522507840989173,0.02785142527367778
CS-r32_to_RLL-r90-180,x,tempest,-1,-1,tempest,6144,16200,0.04522507840989173,0.02785142527367778,0.006777230165782993,0.010769138199588578,0.024229272878471455,-1.6653345369377348e-16,-5.030698080332741e-16,-1.6046192152785466e-16,3.365363543395006e-16,3.426078865054194e-16,0.04522507840989173,0.02785142527367778
CS-r32_to_RLL-r90-180,x,irno,0,0,base,6144,16200,0.04522507840989173,0.02785142527367778,0.005775653385753206,0.008661849325801559,0.013040776487082448,-1.6653345369377348e-16,2.841645642751023e-09,-1.6046192152785466e-16,2.8416458092844765e-09,2.8416458032129444e-09,0.04522507840989173,0.02785142527367778
CS-r32_to_RLL-r90-180,x,irno,1,8,corrected_lmax8,6144,16200,0.04522507840989173,0.02785142527367778,0.005921115588552571,0.008822002374831675,0.013034533051372636,-1.6653345369377348e-16,3.5019893339371944e-09,-1.6046192152785466e-16,3.501989500470648e-09,3.501989494399116e-09,0.04522507840989173,0.02785142527367778
CS-r32_to_RLL-r90-180,x,irno,2,16,corrected_lmax16,6144,16200,0.04522507840989173,0.02785142527367778,0.006088876821536471,0.009006241331336862,0.013095325542796635,-1.6653345369377348e-16,1.8922333899426547e-09,-1.6046192152785466e-16,1.8922335564761084e-09,1.892233550404576e-09,0.04522507840989173,0.02785142527367778
CS-r32_to_RLL-r90-180,x,irno,3,24,corrected_lmax24,6144,16200,0.04522507840989173,0.02785142527367778,0.006255602712712886,0.009191043615837023,0.013188472697789621,-1.6653345369377348e-16,-1.4629725055524678e-08,-1.6046192152785466e-16,1.4629724888991225e-08,1.4629724895062757e-08,0.04522507840989173,0.02785142527367778
CS-r32_to_RLL-r90-180,y,tempest,-1,-1,tempest,6144,16200,0.04522507840989173,0.02785142527367778,0.006777230165782994,0.01076913819958858,0.024229272878471472,0.0,-1.3877787807814457e-17,5.273559366969494e-16,1.3877787807814457e-17,5.412337245047638e-16,0.04522507840989173,0.02785142527367778
CS-r32_to_RLL-r90-180,y,irno,0,0,base,6144,16200,0.04522507840989173,0.02785142527367778,0.005760304944587723,0.008596711165743443,0.013323265327831943,0.0,9.683600796228653e-09,5.273559366969494e-16,9.683600796228653e-09,9.683600268872716e-09,0.04522507840989173,0.02785142527367778
CS-r32_to_RLL-r90-180,y,irno,1,8,corrected_lmax8,6144,16200,0.04522507840989173,0.02785142527367778,0.005912457778526991,0.00876063225349796,0.013434254465014565,0.0,-6.057614986010318e-09,5.273559366969494e-16,6.057614986010318e-09,6.057615513366255e-09,0.04522507840989173,0.02785142527367778
CS-r32_to_RLL-r90-180,y,irno,2,16,corrected_lmax16,6144,16200,0.04522507840989173,0.02785142527367778,0.006083896519896486,0.008944368363765215,0.013569543049295096,0.0,-1.4523502914198794e-08,5.273559366969494e-16,1.4523502914198794e-08,1.452350344155473e-08,0.04522507840989173,0.02785142527367778
CS-r32_to_RLL-r90-180,y,irno,3,24,corrected_lmax24,6144,16200,0.04522507840989173,0.02785142527367778,0.006251519626579391,0.009127222089611444,0.01369981048815136,0.0,4.0502167591993654e-10,5.273559366969494e-16,4.0502167591993654e-10,4.0502114856399984e-10,0.04522507840989173,0.02785142527367778
CS-r32_to_RLL-r90-180,z,tempest,-1,-1,tempest,6144,16200,0.04522507840989173,0.02785142527367778,0.004917539102491655,0.0035915061267570774,0.008411502077610322,2.220446049250313e-16,0.0,-8.881784197001252e-16,2.220446049250313e-16,8.881784197001252e-16,0.04522507840989173,0.02785142527367778
CS-r32_to_RLL-r90-180,z,irno,0,0,base,6144,16200,0.04522507840989173,0.02785142527367778,0.004662392923674411,0.003557756493118864,0.006806557629434495,2.220446049250313e-16,-2.681487920597192e-09,-8.881784197001252e-16,2.681488142641797e-09,2.6814870324187723e-09,0.04522507840989173,0.02785142527367778
CS-r32_to_RLL-r90-180,z,irno,1,8,corrected_lmax8,6144,16200,0.04522507840989173,0.02785142527367778,0.004836973947018893,0.003673853438466699,0.007055284811109064,2.220446049250313e-16,-6.18993034606774e-09,-8.881784197001252e-16,6.189930568112345e-09,6.1899294578893205e-09,0.04522507840989173,0.02785142527367778
CS-r32_to_RLL-r90-180,z,irno,2,16,corrected_lmax16,6144,16200,0.04522507840989173,0.02785142527367778,0.005030400898781613,0.00380369503026137,0.007301028206955107,2.220446049250313e-16,-5.678698844491237e-09,-8.881784197001252e-16,5.678699066535842e-09,5.678697956312817e-09,0.04522507840989173,0.02785142527367778
CS-r32_to_RLL-r90-180,z,irno,3,24,corrected_lmax24,6144,16200,0.04522507840989173,0.02785142527367778,0.005212980941614959,0.003927806057671514,0.007494470057867519,2.220446049250313e-16,6.549651487830488e-09,-8.881784197001252e-16,6.549651265785883e-09,6.549652376008908e-09,0.04522507840989173,0.02785142527367778
CS-r64_to_RLL-r180-360,smooth1,tempest,-1,-1,tempest,24576,64800,0.022612539204945863,0.01392571263683889,0.000935736584410268,0.0012768482873158477,0.007844244372260611,12.566370614359172,12.566370614359172,12.56637061435917,0.0,1.7763568394002505e-15,0.022612539204945863,0.01392571263683889
CS-r64_to_RLL-r180-360,smooth1,irno,0,0,base,24576,64800,0.022612539204945863,0.01392571263683889,0.0006808649730828856,0.0006810654362365912,0.002280572147036475,12.566370614359172,12.56637067382432,12.56637061435917,5.9465147472792523e-08,5.946514924914936e-08,0.022612539204945863,0.01392571263683889
CS-r64_to_RLL-r180-360,smooth1,irno,1,8,corrected_lmax8,24576,64800,0.022612539204945863,0.01392571263683889,0.0006604598465725569,0.000681783848837699,0.002384026721174326,12.566370614359172,12.566370678103102,12.56637061435917,6.374392924612948e-08,6.374393102248632e-08,0.022612539204945863,0.01392571263683889
CS-r64_to_RLL-r180-360,smooth1,irno,2,16,corrected_lmax16,24576,64800,0.022612539204945863,0.01392571263683889,0.0006387578685081427,0.0006786564177444211,0.002514486312490738,12.566370614359172,12.56637067177168,12.56637061435917,5.7412506748732994e-08,5.7412508525089834e-08,0.022612539204945863,0.01392571263683889
CS-r64_to_RLL-r180-360,smooth1,irno,3,24,corrected_lmax24,24576,64800,0.022612539204945863,0.01392571263683889,0.0006226009486698827,0.0006766713419978271,0.0027193575890520627,12.566370614359172,12.566370681217565,12.56637061435917,6.685839260001103e-08,6.685839437636787e-08,0.022612539204945863,0.01392571263683889
CS-r64_to_RLL-r180-360,smooth2,tempest,-1,-1,tempest,24576,64800,0.022612539204945863,0.01392571263683889,0.001045972526331591,0.0013636840300243385,0.007002252274340037,13.231171988743508,13.23117198874351,13.231170400483911,1.7763568394002505e-15,1.5882595985061698e-06,0.022612539204945863,0.01392571263683889
CS-r64_to_RLL-r180-360,smooth2,irno,0,0,base,24576,64800,0.022612539204945863,0.01392571263683889,0.0007423690977036422,0.0007543632120828079,0.002971285219421471,13.231171988743508,13.231172052344302,13.231170400483911,6.360079396472429e-08,1.6518603906945373e-06,0.022612539204945863,0.01392571263683889
CS-r64_to_RLL-r180-360,smooth2,irno,1,8,corrected_lmax8,24576,64800,0.022612539204945863,0.01392571263683889,0.0007278005165402716,0.0007643716229309121,0.0030934167076528407,13.231171988743508,13.231172060839675,13.231170400483911,7.20961672584508e-08,1.6603557639882638e-06,0.022612539204945863,0.01392571263683889
CS-r64_to_RLL-r180-360,smooth2,irno,2,16,corrected_lmax16,24576,64800,0.022612539204945863,0.01392571263683889,0.0007129499998511615,0.0007719270274488627,0.0033580134791757477,13.231171988743508,13.231172051449157,13.231170400483911,6.270564867350004e-08,1.650965245403313e-06,0.022612539204945863,0.01392571263683889
CS-r64_to_RLL-r180-360,smooth2,irno,3,24,corrected_lmax24,24576,64800,0.022612539204945863,0.01392571263683889,0.0007055285736039585,0.0007823554702298928,0.00359876794235392,13.231171988743508,13.231172063443548,13.231170400483911,7.470003993148566e-08,1.6629596366612986e-06,0.022612539204945863,0.01392571263683889
CS-r64_to_RLL-r180-360,x,tempest,-1,-1,tempest,24576,64800,0.022612539204945863,0.01392571263683889,0.0033304318376187673,0.005167223018896784,0.012194462534979222,-2.220446049250313e-16,-5.538104697055957e-16,-1.9526481126463935e-16,3.3176586478056436e-16,3.585456584409563e-16,0.022612539204945863,0.01392571263683889
CS-r64_to_RLL-r180-360,x,irno,0,0,base,24576,64800,0.022612539204945863,0.01392571263683889,0.001204933892820403,0.0016222151595270214,0.0029807122179392465,-2.220446049250313e-16,1.1031864514780831e-09,-1.9526481126463935e-16,1.103186673522688e-09,1.1031866467428944e-09,0.022612539204945863,0.01392571263683889
CS-r64_to_RLL-r180-360,x,irno,1,8,corrected_lmax8,24576,64800,0.022612539204945863,0.01392571263683889,0.0012833222770425928,0.0017593361677643315,0.0032003079117368036,-2.220446049250313e-16,5.3534789690471915e-09,-1.9526481126463935e-16,5.3534791910917964e-09,5.353479164312003e-09,0.022612539204945863,0.01392571263683889
CS-r64_to_RLL-r180-360,x,irno,2,16,corrected_lmax16,24576,64800,0.022612539204945863,0.01392571263683889,0.0013922771417894015,0.001928033001007431,0.0034323253641355966,-2.220446049250313e-16,6.030259418654711e-09,-1.9526481126463935e-16,6.030259640699316e-09,6.0302596139195225e-09,0.022612539204945863,0.01392571263683889
CS-r64_to_RLL-r180-360,x,irno,3,24,corrected_lmax24,24576,64800,0.022612539204945863,0.01392571263683889,0.001529649228139696,0.0021209067363942066,0.0038396588498701423,-2.220446049250313e-16,7.451255806161308e-09,-1.9526481126463935e-16,7.451256028205913e-09,7.45125600142612e-09,0.022612539204945863,0.01392571263683889
CS-r64_to_RLL-r180-360,y,tempest,-1,-1,tempest,24576,64800,0.022612539204945863,0.01392571263683889,0.0033304318376187743,0.005167223018896789,0.012194462534979179,0.0,-4.163336342344337e-17,5.447031714567174e-16,4.163336342344337e-17,5.863365348801608e-16,0.022612539204945863,0.01392571263683889
CS-r64_to_RLL-r180-360,y,irno,0,0,base,24576,64800,0.022612539204945863,0.01392571263683889,0.0011121506975317066,0.0014698128794278684,0.002579659396686633,0.0,6.36378616643285e-09,5.447031714567174e-16,6.36378616643285e-09,6.3637856217296784e-09,0.022612539204945863,0.01392571263683889
CS-r64_to_RLL-r180-360,y,irno,1,8,corrected_lmax8,24576,64800,0.022612539204945863,0.01392571263683889,0.001204286988577933,0.0016304395707462073,0.00284544475478277,0.0,-5.059667563395154e-09,5.447031714567174e-16,5.059667563395154e-09,5.059668108098325e-09,0.022612539204945863,0.01392571263683889
CS-r64_to_RLL-r180-360,y,irno,2,16,corrected_lmax16,24576,64800,0.022612539204945863,0.01392571263683889,0.0013267896219592073,0.0018212028374527758,0.0032316061190597045,0.0,1.605110052683989e-09,5.447031714567174e-16,1.605110052683989e-09,1.6051095079808175e-09,0.022612539204945863,0.01392571263683889
CS-r64_to_RLL-r180-360,y,irno,3,24,corrected_lmax24,24576,64800,0.022612539204945863,0.01392571263683889,0.0014765111282613334,0.002034014996581573,0.003693493220410904,0.0,2.9961182597404434e-09,5.447031714567174e-16,2.9961182597404434e-09,2.996117715037272e-09,0.022612539204945863,0.01392571263683889
CS-r64_to_RLL-r180-360,z,tempest,-1,-1,tempest,24576,64800,0.022612539204945863,0.01392571263683889,0.0023952009615760806,0.0017503779678283587,0.0035440794584157224,-3.3306690738754696e-16,4.440892098500626e-16,0.0,7.771561172376096e-16,4.440892098500626e-16,0.022612539204945863,0.01392571263683889
CS-r64_to_RLL-r180-360,z,irno,0,0,base,24576,64800,0.022612539204945863,0.01392571263683889,0.0011203905496629466,0.00090568558467893,0.0023392844335599072,-3.3306690738754696e-16,3.5096880957041776e-09,0.0,3.509688428771085e-09,3.5096880957041776e-09,0.022612539204945863,0.01392571263683889
CS-r64_to_RLL-r180-360,z,irno,1,8,corrected_lmax8,24576,64800,0.022612539204945863,0.01392571263683889,0.001196622305759138,0.0009581385063395895,0.0026090163884480155,-3.3306690738754696e-16,5.00635355393797e-09,0.0,5.006353887004877e-09,5.00635355393797e-09,0.022612539204945863,0.01392571263683889
CS-r64_to_RLL-r180-360,z,irno,2,16,corrected_lmax16,24576,64800,0.022612539204945863,0.01392571263683889,0.0013020861241068134,0.0010247913124610164,0.002881770067628464,-3.3306690738754696e-16,9.435785486289205e-10,0.0,9.43578881695828e-10,9.435785486289205e-10,0.022612539204945863,0.01392571263683889
CS-r64_to_RLL-r180-360,z,irno,3,24,corrected_lmax24,24576,64800,0.022612539204945863,0.01392571263683889,0.0014324698964064883,0.001105646133344415,0.0031472404772822093,-3.3306690738754696e-16,-3.0352866886573793e-09,0.0,3.035286355590472e-09,3.0352866886573793e-09,0.022612539204945863,0.01392571263683889
CS-r128_to_RLL-r360-720,smooth1,tempest,-1,-1,tempest,98304,259200,0.011306269602471148,0.006962856318418347,0.00046290360585238315,0.0006249589536600445,0.00404899654496349,12.566370614355206,12.566370614355204,12.566370614355208,1.7763568394002505e-15,3.552713678800501e-15,0.011306269602471148,0.006962856318418347
CS-r128_to_RLL-r360-720,smooth1,irno,0,0,base,98304,259200,0.011306269602471148,0.006962856318418347,0.0008427130336958363,0.0008800507109447048,0.0027033090334607213,12.566370614355206,12.566370577613938,12.566370614355208,3.6741267805950883e-08,3.674126958230772e-08,0.011306269602471148,0.006962856318418347
CS-r128_to_RLL-r360-720,smooth1,irno,1,8,corrected_lmax8,98304,259200,0.011306269602471148,0.006962856318418347,0.0009122686817996004,0.0009630723744617855,0.0028101482832854074,12.566370614355206,12.566370582505439,12.566370614355208,3.1849767267999596e-08,3.1849769044356435e-08,0.011306269602471148,0.006962856318418347
CS-r128_to_RLL-r360-720,smooth1,irno,2,16,corrected_lmax16,98304,259200,0.011306269602471148,0.006962856318418347,0.0009878843169020713,0.0010532926345457859,0.002936824194172294,12.566370614355206,12.566370574428877,12.566370614355208,3.9926328909700715e-08,3.9926330686057554e-08,0.011306269602471148,0.006962856318418347
CS-r128_to_RLL-r360-720,smooth1,irno,3,24,corrected_lmax24,98304,259200,0.011306269602471148,0.006962856318418347,0.0010704963203944414,0.0011504240540923187,0.0031084855964911284,12.566370614355206,12.566370577885898,12.566370614355208,3.6469307573838705e-08,3.6469309350195545e-08,0.011306269602471148,0.006962856318418347
CS-r128_to_RLL-r360-720,smooth2,tempest,-1,-1,tempest,98304,259200,0.011306269602471148,0.006962856318418347,0.0005211175044289944,0.0006695119500858711,0.0035061905132349747,13.231172030152997,13.231172030152997,13.231171633251392,0.0,3.969016049154561e-07,0.011306269602471148,0.006962856318418347
CS-r128_to_RLL-r360-720,smooth2,irno,0,0,base,98304,259200,0.011306269602471148,0.006962856318418347,0.0009191031084789274,0.0009511515543538858,0.0039034181947419366,13.231172030152997,13.23117199382994,13.231171633251392,3.6323056562537204e-08,3.605785483529189e-07,0.011306269602471148,0.006962856318418347
CS-r128_to_RLL-r360-720,smooth2,irno,1,8,corrected_lmax8,98304,259200,0.011306269602471148,0.006962856318418347,0.000996127372659683,0.0010399778113223384,0.0040869495821584945,13.231172030152997,13.23117199882541,13.231171633251392,3.132758763513266e-08,3.6557401728032346e-07,0.011306269602471148,0.006962856318418347
CS-r128_to_RLL-r360-720,smooth2,irno,2,16,corrected_lmax16,98304,259200,0.011306269602471148,0.006962856318418347,0.0010806185382758642,0.001137392675955099,0.0043850693668274765,13.231172030152997,13.231171989873939,13.231171633251392,4.027905831094358e-08,3.5662254660451254e-07,0.011306269602471148,0.006962856318418347
CS-r128_to_RLL-r360-720,smooth2,irno,3,24,corrected_lmax24,98304,259200,0.011306269602471148,0.006962856318418347,0.0011737564739146714,0.0012433639827512742,0.0047235791215869405,13.231172030152997,13.231171993534216,13.231171633251392,3.661878089644688e-08,3.6028282401900924e-07,0.011306269602471148,0.006962856318418347
CS-r128_to_RLL-r360-720,x,tempest,-1,-1,tempest,98304,259200,0.011306269602471148,0.006962856318418347,0.0016544930695486864,0.0025267722400255164,0.006116730696684921,-8.881784197001252e-16,-5.54067967721561e-16,-1.7794468155918342e-16,3.3411045197856426e-16,3.7612328616237756e-16,0.011306269602471148,0.006962856318418347
CS-r128_to_RLL-r360-720,x,irno,0,0,base,98304,259200,0.011306269602471148,0.006962856318418347,0.001437681639806467,0.0016782020300166259,0.003157344560600711,-8.881784197001252e-16,3.776153486147009e-09,-1.7794468155918342e-16,3.776154374325429e-09,3.7761536640916905e-09,0.011306269602471148,0.006962856318418347
CS-r128_to_RLL-r360-720,x,irno,1,8,corrected_lmax8,98304,259200,0.011306269602471148,0.006962856318418347,0.0015341408014418305,0.001765324883415358,0.0029089702093353376,-8.881784197001252e-16,2.8098887972795826e-09,-1.7794468155918342e-16,2.8098896854580023e-09,2.809888975224264e-09,0.011306269602471148,0.006962856318418347
CS-r128_to_RLL-r360-720,x,irno,2,16,corrected_lmax16,98304,259200,0.011306269602471148,0.006962856318418347,0.00165604390199623,0.0018834836933796701,0.0029436753286454787,-8.881784197001252e-16,2.4495410826672406e-09,-1.7794468155918342e-16,2.4495419708456603e-09,2.449541260611922e-09,0.011306269602471148,0.006962856318418347
CS-r128_to_RLL-r360-720,x,irno,3,24,corrected_lmax24,98304,259200,0.011306269602471148,0.006962856318418347,0.001807894974791128,0.002037507409112163,0.003261624567868271,-8.881784197001252e-16,4.468329868330227e-09,-1.7794468155918342e-16,4.468330756508647e-09,4.468330046274909e-09,0.011306269602471148,0.006962856318418347
CS-r128_to_RLL-r360-720,y,tempest,-1,-1,tempest,98304,259200,0.011306269602471148,0.006962856318418347,0.0016544930695486806,0.0025267722400255125,0.006116730696684941,2.220446049250313e-16,1.4203048459560108e-17,5.161886543203487e-16,2.078415564654712e-16,5.019856058607886e-16,0.011306269602471148,0.006962856318418347
CS-r128_to_RLL-r360-720,y,irno,0,0,base,98304,259200,0.011306269602471148,0.006962856318418347,0.0014059847726661952,0.001596259365224056,0.0027614508401618554,2.220446049250313e-16,3.942342253972393e-09,5.161886543203487e-16,3.942342031927788e-09,3.942341737783739e-09,0.011306269602471148,0.006962856318418347
CS-r128_to_RLL-r360-720,y,irno,1,8,corrected_lmax8,98304,259200,0.011306269602471148,0.006962856318418347,0.001494054058849661,0.0016652126817738924,0.0025494907622171104,2.220446049250313e-16,1.2335647828730367e-09,5.161886543203487e-16,1.2335645608284318e-09,1.2335642666843824e-09,0.011306269602471148,0.006962856318418347
CS-r128_to_RLL-r360-720,y,irno,2,16,corrected_lmax16,98304,259200,0.011306269602471148,0.006962856318418347,0.0016074502069849295,0.001764436322242397,0.0027682581439261167,2.220446049250313e-16,3.93475131925565e-09,5.161886543203487e-16,3.934751097211045e-09,3.934750803066996e-09,0.011306269602471148,0.006962856318418347
CS-r128_to_RLL-r360-720,y,irno,3,24,corrected_lmax24,98304,259200,0.011306269602471148,0.006962856318418347,0.0017514987424648504,0.0019007296922928824,0.003067378540337007,2.220446049250313e-16,2.940328476140272e-09,5.161886543203487e-16,2.940328254095667e-09,2.9403279599516177e-09,0.011306269602471148,0.006962856318418347
CS-r128_to_RLL-r360-720,z,tempest,-1,-1,tempest,98304,259200,0.011306269602471148,0.006962856318418347,0.0011875044647598426,0.0008674387424201374,0.001772459879853693,-5.551115123125783e-17,0.0,0.0,5.551115123125783e-17,0.0,0.011306269602471148,0.006962856318418347
CS-r128_to_RLL-r360-720,z,irno,0,0,base,98304,259200,0.011306269602471148,0.006962856318418347,0.0014014897571161856,0.0011780266417840371,0.0025428086059094968,-5.551115123125783e-17,-3.5509351015150514e-09,0.0,3.5509350460039e-09,3.5509351015150514e-09,0.011306269602471148,0.006962856318418347
CS-r128_to_RLL-r360-720,z,irno,1,8,corrected_lmax8,98304,259200,0.011306269602471148,0.006962856318418347,0.0015139205873323568,0.0012833441170125583,0.0026391111881760576,-5.551115123125783e-17,-4.072980175351404e-09,0.0,4.072980119840253e-09,4.072980175351404e-09,0.011306269602471148,0.006962856318418347
CS-r128_to_RLL-r360-720,z,irno,2,16,corrected_lmax16,98304,259200,0.011306269602471148,0.006962856318418347,0.0016512744799363917,0.0014055732745655459,0.0027888902753628875,-5.551115123125783e-17,-2.715084157500769e-09,0.0,2.7150841019896177e-09,2.715084157500769e-09,0.011306269602471148,0.006962856318418347
CS-r128_to_RLL-r360-720,z,irno,3,24,corrected_lmax24,98304,259200,0.011306269602471148,0.006962856318418347,0.0018161698332102927,0.0015452402373516208,0.003121339185951616,-5.551115123125783e-17,-2.6715278877986748e-09,0.0,2.6715278322875236e-09,2.6715278877986748e-09,0.011306269602471148,0.006962856318418347
